firstName1,Lastname1,RollNumber1;
firstName2,Lastname2,RollNumber2;
firstName3,Lastname3,RollNumber3;
firstName4,Lastname4,RollNumber4;
firstName5,Lastname5,RollNumber5;
firstName6,Lastname6,RollNumber6;
firstName7,Lastname7,RollNumber7;
firstName8,Lastname8,RollNumber8;
firstName9,Lastname9,RollNumber9;
firstName10,Lastname10,RollNumber10;
firstName11,Lastname11,RollNumber11;
firstName12,Lastname12,RollNumber12;
firstName13,Lastname13,RollNumber13;
firstName14,Lastname14,RollNumber14;
firstName15,Lastname15,RollNumber15;
firstName16,Lastname16,RollNumber16;
firstName17,Lastname17,RollNumber17;
firstName18,Lastname18,RollNumber18;
firstName19,Lastname19,RollNumber19;
firstName20,Lastname20,RollNumber20;
firstName21,Lastname21,RollNumber21;
firstName22,Lastname22,RollNumber22;
firstName23,Lastname23,RollNumber23;
firstName24,Lastname24,RollNumber24;
firstName25,Lastname25,RollNumber25;
firstName26,Lastname26,RollNumber26;
firstName27,Lastname27,RollNumber27;
firstName28,Lastname28,RollNumber28;
firstName29,Lastname29,RollNumber29;
firstName30,Lastname30,RollNumber30;
firstName31,Lastname31,RollNumber31;
firstName32,Lastname32,RollNumber32;
firstName33,Lastname33,RollNumber33;
firstName34,Lastname34,RollNumber34;
firstName35,Lastname35,RollNumber35;
firstName36,Lastname36,RollNumber36;
firstName37,Lastname37,RollNumber37;
firstName38,Lastname38,RollNumber38;
firstName39,Lastname39,RollNumber39;
firstName40,Lastname40,RollNumber40;
firstName41,Lastname41,RollNumber41;firstName42,Lastname42,RollNumber42;firstName43,Lastname43,RollNumber43;firstName44,Lastname44,RollNumber44;firstName45,Lastname45,RollNumber45;firstName46,Lastname46,RollNumber46;